{
  "ema_survival": 2.439420413866059,
  "alpha": 0.15,
  "bandit_params": {
    "low": {
      "precision_gap": [
        1.6889469623565674,
        2.3110530376434326
      ],
      "timing_gate": [
        1.3415484726428986,
        1.6584515273571014
      ],
      "rhythm_wave": [
        3.4587041437625885,
        4.5412958562374115
      ]
    },
    "mid": {
      "precision_gap": [
        1.381172388792038,
        1.618827611207962
      ],
      "timing_gate": [
        1.0,
        1.0
      ],
      "rhythm_wave": [
        1.0,
        1.0
      ]
    },
    "high": {
      "precision_gap": [
        1.0,
        1.0
      ],
      "timing_gate": [
        1.0,
        1.0
      ],
      "rhythm_wave": [
        1.0,
        1.0
      ]
    }
  }
}